0,1.571333
4.97E-06,1.600566523
9.94E-06,1.618765443
1.49E-05,1.619060301
1.99E-05,1.601339747
2.48E-05,1.572292569
2.98E-05,1.542882927
3.48E-05,1.524211798
3.98E-05,1.523326776
4.47E-05,1.540561871
4.97E-05,1.569411432
5.47E-05,1.598985787
5.96E-05,1.61812168
6.46E-05,1.619595983
6.96E-05,1.602852148
7.45E-05,1.574210289
7.95E-05,1.544481574
8.45E-05,1.524887417
8.95E-05,1.52282382
9.44E-05,1.539069662
9.94E-05,1.567492696
0.000104358,1.597364249
0.000109328,1.617408885
0.000114297,1.620060457
0.000119267,1.604318045
0.000124236,1.576123762
0.000129206,1.546119833
0.000134175,1.525631557
0.000139144,1.52239243
0.000144114,1.537625049
0.000149083,1.565579623
0.000154053,1.595704302
0.000159022,1.616628105
0.000163992,1.620453035
0.000168961,1.605735271
0.000173931,1.578030161
0.0001789,1.547795287
0.000183869,1.526443118
0.000188839,1.52203324
0.000193808,1.536230163
0.000198778,1.563675031
0.000203747,1.594008391
0.000208717,1.615780492
0.000213686,1.620773135
0.000218656,1.607101734
0.000223625,1.579926673
0.000228595,1.549505459
0.000233564,1.5273209
0.000238533,1.521746777
0.000243503,1.534887058
0.000248472,1.56178173
0.000253442,1.592279018
0.000258411,1.614867294
0.000263381,1.621020285
0.00026835,1.608415415
0.00027332,1.581810496
0.000278289,1.551247826
0.000283258,1.528263608
0.000288228,1.521533463
0.000293197,1.533597714
0.000298167,1.55990251
0.000303136,1.590518731
0.000308106,1.613889856
0.000313075,1.621194115
0.000318045,1.609674375
0.000323014,1.583678849
0.000327983,1.553019815
0.000332953,1.529269847
0.000337922,1.52139361
0.000342892,1.532364033
0.000347861,1.558040142
0.000352831,1.588730125
0.0003578,1.612849617
0.00036277,1.62129437
0.000367739,1.610876754
0.000372708,1.585528975
0.000377678,1.554818809
0.000382647,1.530338131
0.000387617,1.521327422
0.000392586,1.53118783
0.000397556,1.556197372
0.000402525,1.586915837
0.000407495,1.611748111
0.000412464,1.621320897
0.000417433,1.612020776
0.000422403,1.58735814
0.000427372,1.556642151
0.000432342,1.531466883
0.000437311,1.521334995
0.000442281,1.530070841
0.00044725,1.554376916
0.00045222,1.585078542
0.000457189,1.610586961
0.000462158,1.621273657
0.000467128,1.613104751
0.000472097,1.589163646
0.000477067,1.558487151
0.000482036,1.532654434
0.000487006,1.521416316
0.000491975,1.529014711
0.000496945,1.552581458
0.000501914,1.583220948
0.000506883,1.609367878
0.000511853,1.621152716
0.000516822,1.614127078
0.000521792,1.590942824
0.000526761,1.560351084
0.000531731,1.53389903
0.0005367,1.521571262
0.00054167,1.528020995
0.000546639,1.550813645
0.000551608,1.581345795
0.000556578,1.608092658
0.000561547,1.620958251
0.000566517,1.615086246
0.000571486,1.59269305
0.000576456,1.562231197
0.000581425,1.535198833
0.000586395,1.521799604
0.000591364,1.527091159
0.000596333,1.549076083
0.000601303,1.579455846
0.000606272,1.606763181
0.000611242,1.620690548
0.000616211,1.615980838
0.000621181,1.594411737
0.00062615,1.564124714
0.00063112,1.536551924
0.000636089,1.522101001
0.000641059,1.526226571
0.000646028,1.547371334
0.000650997,1.577553888
0.000655967,1.605381406
0.000660936,1.620349998
0.000665906,1.616809533
0.000670875,1.59609635
0.000675845,1.566028841
0.000680814,1.537956304
0.000685784,1.522475008
0.000690753,1.525428506
0.000695722,1.545701911
0.000700692,1.575642725
0.000705661,1.60394937
0.000710631,1.619937102
0.0007156,1.617571105
0.00072057,1.597744399
0.000725539,1.567940766
0.000730509,1.539409899
0.000735478,1.52292107
0.000740447,1.524698138
0.000745417,1.544070274
0.000750386,1.573725175
0.000755356,1.602469183
0.000760325,1.619452468
0.000765295,1.618264429
0.000770264,1.599353452
0.000775234,1.569857665
0.000780203,1.540910562
0.000785172,1.523438528
0.000790142,1.524036544
0.000795111,1.542478829
0.000800081,1.571804064
0.00080505,1.600943027
0.00081002,1.618896808
0.000814989,1.618888479
0.000819959,1.600921132
0.000824928,1.571776709
0.000829897,1.542456077
0.000834867,1.524026615
0.000839836,1.523444697
0.000844806,1.540929922
0.000849775,1.569882225
0.000854745,1.599373153
0.000859714,1.618270941
0.000864684,1.619442334
0.000869653,1.602445125
0.000874622,1.573695064
0.000879592,1.544044162
0.000884561,1.524684463
0.000889531,1.522923468
0.0008945,1.539425836
0.00089947,1.567962491
0.000904439,1.597761873
0.000909409,1.617575786
0.000914378,1.619925175
0.000919347,1.60392318
0.000924317,1.575609898
0.000929286,1.545672472
0.000934256,1.525411097
0.000939225,1.522473625
0.000944195,1.537968788
0.000949164,1.566047694
0.000954134,1.596111563
0.000959103,1.616812369
0.000964072,1.620336285
0.000969042,1.605353114
0.000974011,1.577518384
0.000978981,1.547338603
0.00098395,1.526205446
0.00098892,1.522095829
0.000993889,1.536560925
0.000998859,1.564140654
0.001003828,1.594424657
0.001008798,1.615981813
0.001013767,1.620675058
0.001018736,1.606732816
0.001023706,1.579417704
0.001028675,1.549040094
0.001033645,1.527066333
0.001038614,1.521790635
0.001043584,1.535204324
0.001048553,1.562244185
0.001053523,1.59270364
0.001058492,1.615085342
0.001063461,1.62094099
0.001068431,1.608060247
0.0010734,1.581305054
0.00107837,1.550774433
0.001083339,1.527992488
0.001088309,1.521558492
0.001093278,1.533900982
0.001098248,1.560361081
0.001103217,1.590951049
0.001108186,1.614124275
0.001113156,1.621133689
0.001118125,1.609333448
0.001123095,1.583177646
0.001128064,1.552539058
0.001133034,1.528982542
0.001138003,1.52139974
0.001142973,1.532652822
0.001147942,1.558494121
0.001152911,1.58916947
0.001157881,1.61310003
0.00116285,1.621252866
0.00116782,1.610550538
0.001172789,1.585032717
0.001177759,1.554331365
0.001182728,1.530035031
0.001187698,1.521314611
0.001192667,1.531461682
0.001197636,1.556646054
0.001202606,1.587361527
0.001207575,1.612014115
0.001212545,1.621298345
0.001217514,1.611709719
0.001222484,1.586867527
0.001227453,1.556148708
0.001232423,1.531148402
0.001237392,1.521303229
0.001242361,1.530329317
0.001247331,1.554819607
0.0012523,1.585529886
0.00125727,1.61086813
0.001262239,1.621270057
0.001267209,1.612809279
0.001272178,1.588679368
0.001277148,1.557988402
0.001282117,1.532321009
0.001287086,1.521365608
0.001292056,1.529257398
0.001297025,1.553017472
0.001301995,1.583677247
0.001306964,1.609663764
0.001311934,1.62116804
0.001316903,1.613847593
0.001321873,1.590465563
0.001326842,1.559847731
0.001331811,1.53355112
0.001336781,1.521501655
0.00134175,1.528247502
0.00134672,1.551242305
0.001351689,1.581806343
0.001356659,1.608402792
0.001361628,1.620992444
0.001366598,1.614823128
0.001371567,1.592223476
0.001376536,1.561723951
0.001381506,1.534836918
0.001386475,1.521711166
0.001391445,1.527301118
0.001396414,1.549496724
0.001401384,1.579919931
0.001406353,1.607087072
0.001411323,1.620743525
0.001416292,1.615734443
0.001421262,1.593950512
0.001426231,1.563614291
0.0014312,1.536176505
0.00143617,1.521993831
0.001441139,1.526419639
0.001446109,1.547783302
0.001451078,1.578020791
0.001456048,1.605718543
0.001461017,1.620421649
0.001465987,1.61658019
0.001470956,1.595644119
0.001475925,1.565515959
0.001480895,1.537567902
0.001485864,1.52234923
0.001490834,1.525604366
0.001495803,1.546104565
0.001500773,1.576111725
0.001505742,1.604299222
0.001510712,1.620027288
0.001515681,1.61735912
0.00152065,1.597301797
0.00152562,1.567426149
0.001530589,1.539009053
0.001535559,1.522776837
0.001540528,1.524856497
0.001545498,1.544462988
0.001550467,1.574195546
0.001555437,1.602831202
0.001560406,1.619561023
0.001565375,1.618070081
0.001570345,1.598921099
0.001575314,1.56934204
0.001580284,1.540497831
0.001585253,1.523276019
0.001590223,1.524177135
0.001595192,1.542860989
0.001600162,1.57227508
0.001605131,1.601316645
0.0016101,1.619023539
0.00161507,1.618712024
0.001620039,1.600499633
0.001625009,1.571260804
0.001629978,1.542032038
0.001634948,1.523846038
0.001639917,1.52356728
0.001644887,1.541300932
0.001649856,1.570353157
0.001654825,1.599757785
0.001659795,1.618415626
0.001664764,1.619283997
0.001669734,1.602035068
0.001674703,1.573179606
0.001679673,1.543609406
0.001684642,1.52448605
0.001689612,1.523027829
0.001694581,1.539785115
0.00169955,1.568432613
0.00170452,1.59815692
0.001709489,1.617738181
0.001714459,1.619785156
0.001719428,1.603525138
0.001724398,1.575095615
0.001729367,1.545227608
0.001734337,1.525195109
0.001739306,1.522559577
0.001744275,1.538315773
0.001749245,1.566516277
0.001754214,1.596516409
0.001759184,1.6169922
0.001764153,1.620214759
0.001769123,1.60496764
0.001774092,1.577006002
0.001779062,1.546884254
0.001784031,1.525972167
0.001789,1.522163212
0.00179397,1.536895072
0.001798939,1.564606975
0.001803909,1.59483867
0.001808878,1.616178782
0.001813848,1.620572171
0.001818817,1.606360446
0.001823787,1.578907945
0.001828756,1.548576897
0.001833726,1.526816076
0.001838695,1.521839317
0.001843664,1.535525106
0.001848634,1.562707522
0.001853603,1.593126177
0.001858573,1.615299124
0.001863542,1.620856861
0.001868512,1.607701498
0.001873481,1.580798637
0.001878451,1.550303039
0.00188342,1.527725588
0.001888389,1.521588367
0.001893359,1.534207893
0.001898328,1.560820719
0.001903298,1.591381454
0.001908267,1.614354524
0.001913237,1.621068408
0.001918206,1.608988816
0.001923176,1.582675286
0.001928145,1.552060129
0.001933114,1.528699359
0.001938084,1.521410731
0.001943053,1.532945375
0.001948023,1.558949346
0.001952992,1.589607074
0.001957962,1.613346371
0.001962931,1.621206497
0.001967901,1.610220498
0.00197287,1.584535122
0.001977839,1.553845575
0.001982809,1.529735951
0.001987778,1.521306669
0.001992748,1.531739414
0.001997717,1.557096164
0.002002687,1.587805652
0.002007656,1.612276152
0.002012626,1.621270923
0.002017595,1.611394725
0.002022564,1.586375398
0.002027534,1.55565674
0.002032503,1.530833832
0.002037473,1.521276333
0.002042442,1.530591785
0.002047412,1.555263904
0.002052381,1.585979843
0.002057351,1.611145444
0.00206232,1.621261589
0.002067289,1.612509763
0.002072259,1.588193397
0.002077228,1.557490949
0.002082198,1.531991381
0.002087167,1.521319765
0.002092137,1.52950418
0.002097106,1.553455266
0.002102076,1.584132341
0.002107045,1.609955913
0.002112014,1.621178506
0.002116984,1.613563964
0.002121953,1.589986435
0.002126923,1.559345494
0.002131892,1.533206887
0.002136862,1.521436898
0.002141831,1.528478202
0.002146801,1.551672919
0.00215177,1.582265867
0.002156739,1.608709311
0.002161709,1.621021795
0.002166678,1.614555771
0.002171648,1.591751864
0.002176617,1.561217637
0.002181587,1.534478555
0.002186556,1.521627559
0.002191526,1.527515362
0.002196495,1.549919489
0.002201465,1.580383175
0.002206434,1.607407475
0.002211403,1.620791686
0.002216373,1.615483718
0.002221342,1.593487079
0.002226312,1.563104615
0.002231281,1.535804507
0.002236251,1.521891463
0.00224122,1.526617079
0.00224619,1.548197561
0.002251159,1.578487039
0.002256128,1.606052326
0.002261098,1.620488514
0.002266067,1.616346436
0.002271037,1.595189516
0.002276006,1.56500364
0.002280976,1.537182785
0.002285945,1.52222822
0.002290915,1.525784676
0.002295884,1.546509673
0.002300853,1.576580255
0.002305823,1.604645859
0.002310792,1.620112727
0.002315762,1.617142648
0.002320731,1.596856661
0.002325701,1.566911909
0.00233067,1.538611353
0.00233564,1.52263733
0.002340609,1.52501938
0.002345578,1.544858315
0.002350548,1.574665634
0.002355517,1.603190148
0.002360487,1.619664875
0.002365456,1.617871177
0.002370426,1.598486054
0.002375395,1.568826605
0.002380365,1.540088101
0.002385334,1.523118188
0.002390303,1.524322316
0.002395273,1.543245919
0.002400242,1.572746
0.002405212,1.601687338
0.002410181,1.619145619
0.002415151,1.618530948
0.00242012,1.600075288
0.00242509,1.570744901
0.002430059,1.541610848
0.002435028,1.523670082
0.002439998,1.523694512
0.002444967,1.541674864
0.002449937,1.570824181
0.002454906,1.600139644
0.002459876,1.618555721
0.002464845,1.619120984
0.002469815,1.601622016
0.002474784,1.572663964
0.002479753,1.543177347
0.002484723,1.524292196
0.002489692,1.523136891
0.002494662,1.540147464
0.002499631,1.568903012
0.002504601,1.598549349
0.00250957,1.61789605
0.00251454,1.619640413
0.002519509,1.603123955
0.002524478,1.574580961
0.002529448,1.544785283
0.002534417,1.52498361
0.002539387,1.522650275
0.002544356,1.538665971
0.002549326,1.566985324
0.002554295,1.596918796
0.002559265,1.617167578
0.002564234,1.620088467
0.002569203,1.604578885
0.002574173,1.576493062
0.002579142,1.546432282
0.002584112,1.525743303
0.002589081,1.52223538
0.002594051,1.537232569
0.00259902,1.565073946
0.00260399,1.595250388
0.002608959,1.616371377
0.002613929,1.620464482
0.002618898,1.60598466
0.002623867,1.578397443
0.002628837,1.548115913
0.002633806,1.52657015
0.002638776,1.521892814
0.002643745,1.535849371
0.002648715,1.563171694
0.002653684,1.593546586
0.002658654,1.615508619
0.002663623,1.620767902
0.002668592,1.607339202
0.002673562,1.580291293
0.002678531,1.549833688
0.002683501,1.52746293
0.00268847,1.521623082
0.00269344,1.534518415
0.002698409,1.561281374
0.002703379,1.591809901
0.002708348,1.614580576
0.002713317,1.620998277
0.002718287,1.608640511
0.002723256,1.582171816
0.002728226,1.551583073
0.002733195,1.528420324
0.002738165,1.52142658
0.002743134,1.533241663
0.002748104,1.559405773
0.002753073,1.590042893
0.002758042,1.613588614
0.002763012,1.621155264
0.002767981,1.609886665
0.002772951,1.584036235
0.00277792,1.553361483
0.00278289,1.529440917
0.002787859,1.521303596
0.002792829,1.532020997
0.002797798,1.557547655
0.002802767,1.588248167
0.002807737,1.612534196
0.002812706,1.621238631
0.002817676,1.611075823
0.002822645,1.585881797
0.002827615,1.555166293
0.002832584,1.530523202
0.002837554,1.521254308
0.002842523,1.530858215
0.002847492,1.55570976
0.002852462,1.586428369
0.002857431,1.611418874
0.002862401,1.621248252
0.00286737,1.61220623
0.00287234,1.587705778
0.002877309,1.556994838
0.002882279,1.531665579
0.002887248,1.521278787
0.002892217,1.529755031
0.002897187,1.553894797
0.002902156,1.584586181
0.002907126,1.610244293
0.002912095,1.621184111
0.002917065,1.613276215
0.002922034,1.589505484
0.002927004,1.558844419
0.002931973,1.532866362
0.002936942,1.521376996
0.002941912,1.528713071
0.002946881,1.552105442
0.002951851,1.58272432
0.00295682,1.609012183
0.00296179,1.621046301
0.002966759,1.614284197
0.002971729,1.591278257
0.002976698,1.560712303
0.002981667,1.534123776
0.002986637,1.521548787
0.002991606,1.527733869
0.002996576,1.550344333
0.003001545,1.580845531
0.003006515,1.607724359
0.003011484,1.620835022
0.003016454,1.615228687
0.003021423,1.593021482
0.003026393,1.562595734
0.003031362,1.535435964
0.003036331,1.521793906
0.003041301,1.526818869
0.00304627,1.548614067
0.00305124,1.578952583
0.003056209,1.606382721
0.003061179,1.620550585
0.003066148,1.61610829
0.003071118,1.594732582
0.003076087,1.564491931
0.003081056,1.536800988
0.003086026,1.522111987
0.003090995,1.525969418
0.003095965,1.546917194
0.003100934,1.577048268
0.003105904,1.604989244
0.003110873,1.620193407
0.003115843,1.616921706
0.003120812,1.596409033
0.003125781,1.566398094
0.003130751,1.538216833
0.00313572,1.52250256
0.00314069,1.525186767
0.003145659,1.545256215
0.003150629,1.575135391
0.003155598,1.603545984
0.003160568,1.619764013
0.003165537,1.617667733
0.003170506,1.598048358
0.003175476,1.568311408
0.003180445,1.539681407
0.003185415,1.522965047
0.003190384,1.52447207
0.003195354,1.543633579
0.003200323,1.573216775
0.003205293,1.602055067
0.003210262,1.619263035
0.003215231,1.618345268
0.003220201,1.599648137
0.00322517,1.570229049
0.00323014,1.541192548
0.003235109,1.523498763
0.003240079,1.523826378
0.003245048,1.542051677
0.003250018,1.571295247
0.003254987,1.600518691
0.003259956,1.618691209
0.003264926,1.618953309
0.003269895,1.601206007
0.003274865,1.572148185
0.003279834,1.542748023
0.003284804,1.524102918
0.003289773,1.523250642
0.003294743,1.540512843
0.003299712,1.569373641
0.003304681,1.59893912
0.003309651,1.618049377
0.00331462,1.619490958
0.00331959,1.602719668
0.003324559,1.574065984
0.003329529,1.544345536
0.003334498,1.52477662
0.003339468,1.522745709
0.003344437,1.539019344
0.003349406,1.567454788
0.003354376,1.597318684
0.003359345,1.617338484
0.003364315,1.619957418
0.003369284,1.604186885
0.003374254,1.575979612
0.003379223,1.545982729
0.003384193,1.525518872
0.003389162,1.522312323
0.003394131,1.537573381
0.003399101,1.565541519
0.00340407,1.59565977
0.00340904,1.616559577
0.003414009,1.620352
0.003418979,1.605605491
0.003423948,1.577886246
0.003428918,1.547657182
0.003433887,1.526328577
0.003438857,1.521951121
0.003443826,1.536177086
0.003448795,1.563636655
0.003453765,1.593964824
0.003458734,1.615713803
0.003463704,1.62067412
0.003468673,1.606973391
0.003473643,1.57978307
0.003478612,1.549366425
0.003483582,1.527204538
0.003488551,1.521662633
0.00349352,1.534832516
0.00349849,1.561743002
0.003503459,1.592236345
0.003508429,1.614802408
0.003513398,1.6209233
0.003518368,1.608288564
0.003523337,1.581667283
0.003528307,1.551107933
0.003533276,1.528145462
0.003538245,1.521447283
0.003543215,1.533541654
0.003548184,1.559863354
0.003553154,1.590476881
0.003558123,1.613826734
0.003563093,1.62109917
0.003568062,1.609549068
0.003573032,1.583536103
0.003578001,1.552879134
0.00358297,1.529149957
0.00358794,1.521305388
0.003592909,1.532306402
0.003597879,1.558000481
0.003602848,1.588689026
0.003607818,1.612788218
0.003612787,1.62120147
0.003617757,1.610753043
0.003622726,1.585386772
0.003627695,1.554677414
0.003632665,1.530216539
0.003637634,1.521237153
0.003642604,1.531128581
0.003647573,1.55615713
0.003652543,1.586875415
0.003657512,1.611688392
0.003662482,1.621230045
0.003667451,1.611898708
0.00367242,1.587216556
0.00367739,1.556500117
0.003682359,1.531343634
0.003687329,1.521242678
0.003692298,1.530009925
0.003697268,1.554336018
0.003702237,1.585038723
0.003707207,1.610528875
0.003712176,1.621184852
0.003717145,1.612984372
0.003722115,1.589022754
0.003727084,1.558344552
0.003732054,1.532529576
0.003737023,1.521321952
0.003741993,1.528952083
0.003746962,1.55253983
0.003751932,1.583181656
0.003756901,1.609311376
0.00376187,1.621065955
0.00376684,1.614008431
0.003771809,1.590802699
0.003776779,1.560207996
0.003781748,1.533772613
0.003786718,1.521474858
0.003791687,1.527956615
0.003796657,1.550771214
0.003801626,1.581306953
0.003806596,1.60803769
0.003811565,1.620873528
0.003816534,1.614969372
0.003821504,1.592553764
0.003826473,1.562087697
0.003831443,1.535070909
0.003836412,1.521701165
0.003841382,1.527024986
0.003846351,1.549032778
0.003851321,1.579417377
0.00385629,1.606709693
0.003861259,1.620607853
0.003866229,1.615865775
0.003871198,1.594273361
0.003876168,1.56398088
0.003881137,1.536422547
0.003886107,1.52200054
0.003891076,1.52615857
0.003896046,1.547327084
0.003901015,1.577515715
0.003905984,1.605329343
0.003910954,1.620269319
0.003915923,1.616696316
0.003920893,1.595958953
0.003925862,1.56588475
0.003930832,1.537825531
0.003935801,1.522372538
0.003940771,1.525358641
0.00394574,1.545656646
0.003950709,1.57560477
0.003955679,1.603898673
0.003960648,1.619858425
0.003965618,1.617459767
0.003970587,1.597608051
0.003975557,1.567796496
0.003980526,1.539277788
0.003985496,1.522816609
0.003990465,1.524626379
0.003995434,1.544023927
0.004000404,1.573687358
0.004005373,1.602419794
0.004010343,1.619375773
0.004015312,1.618155
0.004020282,1.599218218
0.004025251,1.569713296
0.004030221,1.540777174
0.00403519,1.523332094
0.004040159,1.523962862
0.004045129,1.542431335
0.004050098,1.571766308
0.004055068,1.600894885
0.004060037,1.618822074
0.004065007,1.618780987
0.004069976,1.600787079
0.004074946,1.571632319
0.004079915,1.542321475
0.004084884,1.523918232
0.004089854,1.523369067
0.004094823,1.540881216
0.004099793,1.569844451
0.004104762,1.599326193
0.004109732,1.618198144
0.004114701,1.619336802
0.004119671,1.602312315
0.00412464,1.573550731
0.004129609,1.54390841
0.004134579,1.524574155
0.004139548,1.522845867
0.004144518,1.539375855
0.004149487,1.567924621
0.004154457,1.597716031
0.004159426,1.6175049
0.004164396,1.619821624
0.004169365,1.603791675
0.004174334,1.575465701
0.004179304,1.545535635
0.004184273,1.525298895
0.004189243,1.522394033
0.004194212,1.537917472
0.004199182,1.566009648
0.004204151,1.596066772
0.004209121,1.616743363
0.00421409,1.620234734
0.00421906,1.605222974
0.004224029,1.577374401
0.004228998,1.547200749
0.004233968,1.526091379
0.004238937,1.522014228
0.004243907,1.536508216
0.004248876,1.564102355
0.004253846,1.594380848
0.004258815,1.615914654
0.004263785,1.620575522
0.004268754,1.606604098
0.004273723,1.579274013
0.004278693,1.548901292
0.004283662,1.526950436
0.004288632,1.521707012
0.004293601,1.535150164
0.004298571,1.562205554
0.00430354,1.592660744
0.00430851,1.615019996
0.004313479,1.620843483
0.004318448,1.607933007
0.004323418,1.581161733
0.004328387,1.550634753
0.004333357,1.527874797
0.004338326,1.521472836
0.004343296,1.533845317
0.004348265,1.560322043
0.004353235,1.590908996
0.004358204,1.614060704
0.004363173,1.621038219
0.004368143,1.60920774
0.004373112,1.583034773
0.004378082,1.552398573
0.004383051,1.528863096
0.004388021,1.521312043
0.00439299,1.5325956
0.00439796,1.558454596
0.004402929,1.589128185
0.004407898,1.613038193
0.004412868,1.62115944
0.004417837,1.610426412
0.004422807,1.584890367
0.004427776,1.554190147
0.004432746,1.529913872
0.004437715,1.521224868
0.004442685,1.531402853
0.004447654,1.556605968
0.004452623,1.587320938
0.004457593,1.611953968
0.004462562,1.621206967
0.004467532,1.611587224
0.004472501,1.586725777
0.004477471,1.55600683
0.00448244,1.531025575
0.00448741,1.521211438
0.004492379,1.530268834
0.004497348,1.554778885
0.004502318,1.585489919
0.004507287,1.610809629
0.004512257,1.621180726
0.004517226,1.612688461
0.004522196,1.588538291
0.004527165,1.55784594
0.004532135,1.53219656
0.004537104,1.52127177
0.004542073,1.529195214
0.004547043,1.552976039
0.004552012,1.583637827
0.004556982,1.60960686
0.004561951,1.621080755
0.004566921,1.613728497
0.00457189,1.590325234
0.00457686,1.559704762
0.004581829,1.533425099
0.004586798,1.521405774
0.004591768,1.528183576
0.004596737,1.551200088
0.004601707,1.581767393
0.004606676,1.608347434
0.004611646,1.620907198
0.004616615,1.614705795
0.004621585,1.592083968
0.004626554,1.56158055
0.004631524,1.534709377
0.004636493,1.52161325
0.004641462,1.527235409
0.004646432,1.549453651
0.004651401,1.579881373
0.004656371,1.607033208
0.00466134,1.620660311
0.00466631,1.615618911
0.004671279,1.593811895
0.004676249,1.563470535
0.004681218,1.536047497
0.004686187,1.521893889
0.004691157,1.526352111
0.004696126,1.547739301
0.004701096,1.577982549
0.004706065,1.605666119
0.004711035,1.620340454
0.004716004,1.616466496
0.004720974,1.595506464
0.004725943,1.565371927
0.004730912,1.537437482
0.004735882,1.522247275
0.004740851,1.525534983
0.004745821,1.546059568
0.00475079,1.576073721
0.00475576,1.60424818
0.004760729,1.619948098
0.004765699,1.617247297
0.004770668,1.597165173
0.004775637,1.567281919
0.004780607,1.538877281
0.004785576,1.522672886
0.004790546,1.524785228
0.004795515,1.544416926
0.004800485,1.574157701
0.004805454,1.602781483
0.004810424,1.61948382
0.004815393,1.61796016
0.004820362,1.598785573
0.004825332,1.569197689
0.004830301,1.540364766
0.004835271,1.52317009
0.00484024,1.52410395
0.00484521,1.542813796
0.004850179,1.572237316
0.004855149,1.601268188
0.004860118,1.618948303
0.004865087,1.618604031
0.004870057,1.60036527
0.004875026,1.571116411
0.004879996,1.541897742
0.004884965,1.523738153
0.004889935,1.523492153
0.004894904,1.541252544
0.004899874,1.570315396
0.004904843,1.599710528
0.004909812,1.618342334
0.004914782,1.619177959
0.004919751,1.601901933
0.004924721,1.573035251
0.00492969,1.543473943
0.00493466,1.524376235
0.004939629,1.522950736
0.004944599,1.539735468
0.004949568,1.568394774
0.004954537,1.598110797
0.004959507,1.617666806
0.004964476,1.619681094
0.004969446,1.603393292
0.004974415,1.574951376
0.004979385,1.545091044
0.004984354,1.525083391
0.004989324,1.522480498
0.004994293,1.538264806
0.004999262,1.566478283
0.005004232,1.596471354
0.005009201,1.616922713
0.005014171,1.620112693
0.00501914,1.604837144
0.00502411,1.576861956
0.005029079,1.546746655
0.005034049,1.525858576
0.005039018,1.522082129
0.005043988,1.536842726
0.005048957,1.564568748
0.005053926,1.594794615
0.005058896,1.616111151
0.005063865,1.620472116
0.005068835,1.606231358
0.005073804,1.578764172
0.005078774,1.548438332
0.005083743,1.526700645
0.005088713,1.521756215
0.005093682,1.535471324
0.005098651,1.562668984
0.005103621,1.593083053
0.00510859,1.615233316
0.00511356,1.620758831
0.005118529,1.607573874
0.005123499,1.580655214
0.005128468,1.550163578
0.005133438,1.527608353
0.005138407,1.521503234
0.005143376,1.53415262
0.005148346,1.560781792
0.005153315,1.591339191
0.005158285,1.6142905
0.005163254,1.620972414
0.005168224,1.608862709
0.005173193,1.582532291
0.005178163,1.551919844
0.005183132,1.52858036
0.005188101,1.521323559
0.005193071,1.532888558
0.00519804,1.558909954
0.00520301,1.589565599
0.005207979,1.613284092
0.005212949,1.621112546
0.005217918,1.610095961
0.005222888,1.58439263
0.005227857,1.553704538
0.005232826,1.529615228
0.005237796,1.521217452
0.005242765,1.531681002
0.005247735,1.55705623
0.005252704,1.587764892
0.005257674,1.612215576
0.005262643,1.621179019
0.005267613,1.611271807
0.005272582,1.586233486
0.005277551,1.555515024
0.005282521,1.530711429
0.00528749,1.521185068
0.00529246,1.530531731
0.005297429,1.555223352
0.005302399,1.585939724
0.005307368,1.611086525
0.005312338,1.621171732
0.005317307,1.61238851
0.005322276,1.58805214
0.005327246,1.55734863
0.005332215,1.531867344
0.005337185,1.521226452
0.005342154,1.529442438
0.005347124,1.553414023
0.005352093,1.584092787
0.005357063,1.609898603
0.005362032,1.621090696
0.005367001,1.613444421
0.005371971,1.589845907
0.00537694,1.559202648
0.00538191,1.533081265
0.005386879,1.521341542
0.005391849,1.528414728
0.005396818,1.55163091
0.005401788,1.582226803
0.005406757,1.608653561
0.005411727,1.620936026
0.005416696,1.614437981
0.005421665,1.591612138
0.005426635,1.56107434
0.005431604,1.534351399
0.005436574,1.521530164
0.005441543,1.527450116
0.005446513,1.549876642
0.005451482,1.580344524
0.005456452,1.607353233
0.005461421,1.62070795
0.00546639,1.61536772
0.00547136,1.593348226
0.005476329,1.562960943
0.005481299,1.53567587
0.005486268,1.52179204
0.005491238,1.526550022
0.005496207,1.548153805
0.005501177,1.578448723
0.005506146,1.605999537
0.005511115,1.620406802
0.005516085,1.616232266
0.005521054,1.595051607
0.005526024,1.564859671
0.005530993,1.537052722
0.005535963,1.522126781
0.005540932,1.525715773
0.005545902,1.546464939
0.005550871,1.576542197
0.00555584,1.604594467
0.00556081,1.620033023
0.005565779,1.61703034
0.005570749,1.596719766
0.005575718,1.566767722
0.005580688,1.538479922
0.005585657,1.52253389
0.005590627,1.524948598
0.005595596,1.544812533
0.005600565,1.574627756
0.005605535,1.603140094
0.005610504,1.619587164
0.005615474,1.617760764
0.005620443,1.59835024
0.005625413,1.568682278
0.005630382,1.539955362
0.005635352,1.523012765
0.005640321,1.524249626
0.00564529,1.543199023
0.00565026,1.572708222
0.005655229,1.601638562
0.005660199,1.61906988
0.005665168,1.618422457
0.005670138,1.59994062
0.005675107,1.570600512
0.005680077,1.541476862
0.005685046,1.523562698
0.005690015,1.523619886
0.005694985,1.541626788
0.005699954,1.570786426
0.005704924,1.600092085
0.005709893,1.618481932
0.005714863,1.619014442
0.005719832,1.60148856
0.005724802,1.572519592
0.005729771,1.543042177
0.00573474,1.524182874
0.00573971,1.523060306
0.005744679,1.540098146
0.005749649,1.568865201
0.005754618,1.598502941
0.005759588,1.617824185
0.005764557,1.619535842
0.005769527,1.602991772
0.005774496,1.574436684
0.005779465,1.544648995
0.005784435,1.524872378
0.005789404,1.522571708
0.005794374,1.538615349
0.005799343,1.566947378
0.005804313,1.596873473
0.005809282,1.617097609
0.005814252,1.619985886
0.005819221,1.604448037
0.005824191,1.576348959
0.00582916,1.546294942
0.005834129,1.525630189
0.005839099,1.522154813
0.005844068,1.537180583
0.005849038,1.565035787
0.005854007,1.595206083
0.005858977,1.616303273
0.005863946,1.620363909
0.005868916,1.605855204
0.005873885,1.578253593
0.005878854,1.547977589
0.005883824,1.526455188
0.005888793,1.521810232
0.005893763,1.535795963
0.005898732,1.563133244
0.005903702,1.59350323
0.005908671,1.615442346
0.005913641,1.620669351
0.00591861,1.607211196
0.005923579,1.580147773
0.005928549,1.549694451
0.005933518,1.527346155
0.005938488,1.521538473
0.005943457,1.53446353
0.005948427,1.561242555
0.005953396,1.591767423
0.005958366,1.614516097
0.005963335,1.620901759
0.005968304,1.608514009
0.005973274,1.582028703
0.005978243,1.551442992
0.005983213,1.528301774
0.005988182,1.521339933
0.005993152,1.533185248
0.005998121,1.559366508
0.006003091,1.590001222
0.00600806,1.613525891
0.006013029,1.621060787
0.006017999,1.609761719
0.006022968,1.583893607
0.006027938,1.553220632
0.006032907,1.529320633
0.006037877,1.521214904
0.006042846,1.531963
0.006047816,1.557507867
0.006052785,1.58820723
0.006057754,1.612473186
0.006062724,1.6211462
0.006067693,1.610952484
0.006072663,1.585739729
0.006077632,1.555024745
0.006082602,1.530401226
0.006087571,1.521163569
0.006092541,1.530798588
0.00609751,1.555669374
0.006102479,1.586388092
0.006107449,1.611359533
0.006112418,1.621157869
0.006117388,1.612084545
0.006122357,1.587564345
0.006127327,1.556852668
0.006132296,1.531541958
0.006137266,1.521186001
0.006142235,1.529693727
0.006147204,1.553853738
0.006152174,1.58454649
0.006157143,1.610186574
0.006162113,1.621095775
0.006167082,1.613156229
0.006172052,1.589364761
0.006177021,1.558701701
0.006181991,1.532741142
0.00618696,1.521282164
0.006191929,1.528650046
0.006196899,1.552063637
0.006201868,1.582685138
0.006206838,1.608956037
0.006211807,1.620960008
0.006216777,1.614165953
0.006221746,1.591138318
0.006226716,1.560569114
0.006231685,1.533997009
0.006236655,1.521451916
0.006241624,1.527669082
0.006246593,1.550301709
0.006251563,1.580806782
0.006256532,1.607669735
0.006261502,1.620750765
0.006266471,1.615112225
0.006271441,1.592882398
0.00627641,1.562452151
0.00628138,1.535307702
0.006286349,1.521695003
0.006291318,1.52675228
0.006296288,1.548570551
0.006301257,1.578914189
0.006306227,1.606329564
0.006311196,1.620468354
0.006316166,1.615993647
0.006321135,1.594594424
0.006326105,1.564348031
0.006331074,1.536671287
0.006336043,1.522011064
0.006341013,1.525900992
0.006345982,1.546872717
0.006350952,1.577010151
0.006355921,1.604937499
0.006360891,1.620113189
0.00636586,1.616808918
0.00637083,1.596271871
0.006375799,1.566253955
0.006380768,1.538085748
0.006385738,1.522399632
0.006390707,1.525116471
0.006395677,1.545210708
0.006400646,1.575097475
0.006405616,1.603495592
0.006410585,1.619685792
0.006415555,1.617556831
0.006420524,1.597912259
0.006425493,1.568167109
0.006430463,1.539548999
0.006435432,1.522860132
0.006440402,1.524399873
0.006445371,1.543586975
0.006450341,1.573178979
0.00645531,1.602005969
0.00646028,1.619186791
0.006465249,1.618236281
0.006470218,1.599513168
0.006475188,1.570084668
0.006480157,1.541058876
0.006485127,1.52339188
0.006490096,1.523752252
0.006495066,1.542003911
0.006500035,1.571257494
0.006505005,1.600470825
0.006509974,1.618616921
0.006514943,1.618846264
0.006519913,1.601072233
0.006524882,1.572003801
0.006529852,1.542613151
0.006534821,1.523994092
0.006539791,1.523174562
0.00654476,1.54046385
0.00654973,1.569335851
0.006554699,1.598892422
0.006559668,1.61797702
0.006564638,1.619385878
0.006569607,1.602587152
0.006574577,1.573921675
0.006579546,1.544209529
0.006584516,1.524665876
0.006589485,1.522667653
0.006594455,1.538969062
0.006599424,1.567416885
0.006604394,1.597273088
0.006609363,1.617268031
0.006614332,1.619854324
0.006619302,1.604055688
0.006624271,1.575835457
0.006629241,1.545845652
0.00663421,1.525406239
0.00663918,1.522232272
0.006644149,1.537521751
0.006649119,1.565503423
0.006654088,1.59561521
0.006659057,1.616490997
0.006664027,1.62025091
0.006668996,1.605475672
0.006673966,1.577742323
0.006678935,1.547519105
0.006683905,1.526214087
0.006688874,1.521869058
0.006693844,1.536124049
0.006698813,1.563598286
0.006703782,1.593921231
0.006708752,1.615647063
0.006713721,1.620575049
0.006718691,1.606845007
0.00672366,1.579639457
0.00672863,1.549227415
0.006733599,1.527088226
0.006738569,1.521578545
0.006743538,1.534778016
0.006748507,1.561704285
0.006753477,1.592193649
0.006758446,1.614737472
0.006763416,1.620826259
0.006768385,1.60816167
0.006773355,1.581524058
0.006778324,1.550968062
0.006783294,1.528027364
0.006788263,1.52136116
0.006793232,1.533485637
0.006798202,1.559824211
0.006803171,1.59043501
0.006808141,1.613763563
0.00681311,1.621004168
0.00681808,1.609423718
0.006823049,1.583393343
0.006828019,1.552738474
0.006832988,1.529030114
0.006837957,1.521217222
0.006842927,1.532248816
0.006847896,1.557960835
0.006852866,1.588647908
0.006857835,1.612726772
0.006862805,1.621108513
0.006867774,1.610629286
0.006872744,1.585244552
0.006877713,1.554536038
0.006882682,1.530094994
0.006887652,1.521146941
0.006892621,1.531069377
0.006897591,1.556116905
0.00690256,1.586834976
0.00690753,1.611628626
0.006912499,1.621139136
0.006917469,1.611776593
0.006922438,1.587074953
0.006927407,1.556358099
0.006932377,1.531220431
0.006937346,1.521150418
0.006942316,1.529949056
0.006947285,1.554295139
0.006952255,1.584998888
0.006957224,1.610470744
0.006962194,1.62109599
0.006967163,1.612863945
0.006972132,1.588881842
0.006977102,1.558201967
0.006982071,1.532404762
0.006987041,1.521227646
0.00699201,1.528889504
0.00699698,1.552498223
0.007001949,1.58314235
0.007006919,1.609254831
0.007011888,1.620979138
0.007016858,1.613889735
0.007021827,1.590662552
0.007026796,1.56006492
0.007031766,1.533646239
0.007036735,1.521378509
0.007041705,1.527892284
0.007046674,1.550728807
0.007051644,1.581268099
0.007056613,1.607982679
0.007061583,1.620788749
0.007066552,1.614852448
0.007071521,1.592414453
0.007076491,1.561944208
0.00708146,1.534943027
0.00708643,1.521602784
0.007091399,1.526958864
0.007096369,1.548989498
0.007101338,1.579378899
0.007106308,1.606656164
0.007111277,1.620525103
0.007116246,1.615750661
0.007121216,1.594134959
0.007126185,1.563837054
0.007131155,1.53629321
0.007136124,1.521900136
0.007141094,1.52609062
0.007146063,1.54728286
0.007151033,1.577477535
0.007156002,1.60527724
0.007160971,1.620188585
0.007165941,1.616583047
0.00717091,1.595821529
0.00717588,1.565740666
0.007180849,1.537694796
0.007185819,1.522270124
0.007190788,1.525288829
0.007195758,1.54561141
0.007200727,1.575566809
0.007205696,1.60384794
0.007210666,1.619779692
0.007215635,1.617348377
0.007220605,1.597471672
0.007225574,1.567652231
0.007230544,1.539145714
0.007235513,1.522712202
0.007240483,1.524554674
0.007245452,1.543977612
0.007250421,1.573649539
0.007255391,1.60237037
0.00726036,1.619299023
0.00726533,1.618045518
0.007270299,1.599082953
0.007275269,1.569568928
0.007280238,1.540643821
0.007285208,1.523225715
0.007290177,1.523889234
0.007295146,1.542383873
0.007300116,1.571728552
0.007305085,1.600846708
0.007310055,1.618747286
0.007315024,1.61867344
0.007319994,1.600652992
0.007324963,1.571487928
0.007329933,1.542186905
0.007334902,1.523809902
0.007339871,1.523293491
0.007344841,1.540832544
0.00734981,1.569806679
0.00735478,1.599279201
0.007359749,1.618125293
0.007364719,1.619231215
0.007369688,1.60217947
0.007374658,1.573406395
0.007379627,1.543772688
0.007384596,1.524463901
0.007389566,1.52276832
0.007394535,1.539325911
0.007399505,1.567886754
0.007404474,1.597670159
0.007409444,1.61743396
0.007414413,1.619718018
0.007419383,1.603660133
0.007424352,1.575321499
0.007429322,1.545398827
0.007434291,1.525186744
0.00743926,1.522314495
0.00744423,1.537866194
0.007449199,1.565971608
0.007454169,1.596021953
0.007459138,1.616674305
0.007464108,1.620133128
0.007469077,1.605092795
0.007474047,1.577230411
0.007479016,1.547062922
0.007483985,1.525977363
0.007488955,1.521932684
0.007493924,1.536455546
0.007498894,1.564064064
0.007503863,1.594337013
0.007508833,1.615847445
0.007513802,1.620475931
0.007518772,1.60647534
0.007523741,1.579130314
0.00752871,1.548762515
0.00753368,1.526834588
0.007538649,1.521623446
0.007543619,1.535096045
0.007548588,1.562166934
0.007553558,1.592617824
0.007558527,1.6149546
0.007563497,1.620745919
0.007568466,1.607805726
0.007573435,1.581018401
0.007578405,1.550495097
0.007583374,1.527757154
0.007588344,1.521387237
0.007593313,1.533789695
0.007598283,1.560283016
0.007603252,1.590866919
0.007608222,1.613997084
0.007613191,1.620942692
0.00761816,1.609081988
0.00762313,1.582891886
0.007628099,1.552258109
0.007633069,1.528743698
0.007638038,1.521224403
0.007643008,1.532538422
0.007647977,1.558415086
0.007652947,1.589086881
0.007657916,1.612976308
0.007662885,1.621065958
0.007667855,1.610302241
0.007672824,1.584748002
0.007677794,1.554048948
0.007682763,1.52979276
0.007687733,1.521135182
0.007692702,1.531344069
0.007697672,1.556565899
0.007702641,1.587280332
0.00770761,1.611893775
0.00771258,1.621115532
0.007717549,1.611464683
0.007722519,1.586584008
0.007727488,1.55586497
0.007732458,1.530902793
0.007737427,1.521119704
0.007742397,1.530208397
0.007747366,1.554738181
0.007752335,1.585449936
0.007757305,1.610751082
0.007762274,1.621091339
0.007767244,1.612567597
0.007772213,1.588397195
0.007777183,1.557703494
0.007782152,1.532072156
0.007787122,1.521177989
0.007792091,1.529133079
0.00779706,1.552934626
0.00780203,1.583598393
0.007806999,1.609549912
0.007811969,1.620993413
0.007816938,1.613609353
0.007821908,1.590184884
0.007826877,1.559561805
0.007831847,1.533299121
0.007836816,1.52130995
0.007841786,1.528119699
0.007846755,1.551157893
0.007851724,1.58172843
0.007856694,1.608292035
0.007861663,1.620821896
0.007866633,1.614588412
0.007871602,1.591944435
0.007876572,1.561437159
0.007881541,1.534581876
0.007886511,1.521515389
0.00789148,1.527169751
0.007896449,1.549410601
0.007901419,1.579842806
0.007906388,1.606979304
0.007911358,1.62057704
0.007916327,1.615503329
0.007921297,1.593673252
0.007926266,1.563326788
0.007931236,1.535918528
0.007936205,1.521794002
0.007941174,1.526284634
0.007946144,1.547695327
0.007951113,1.5779443
0.007956083,1.605613655
0.007961052,1.620259203
0.007966022,1.61635275
0.007970991,1.595368782
0.007975961,1.565227901
0.00798093,1.537307101
0.007985899,1.522145376
0.007990869,1.525465652
0.007995838,1.546014599
0.008000808,1.576035711
0.008005777,1.6041971
0.008010747,1.619868853
0.008015716,1.617135421
0.008020686,1.597028519
0.008025655,1.567137692
0.008030624,1.538745545
0.008035594,1.52256899
0.008040563,1.524714012
0.008045533,1.544370894
0.008050502,1.574119853
0.008055472,1.602731728
0.008060441,1.619406563
0.008065411,1.617850185
0.00807038,1.598650015
0.008075349,1.569053341
0.008080319,1.540231736
0.008085288,1.523064216
0.008090258,1.524030819
0.008095227,1.542766636
0.008100197,1.572199551
0.008105166,1.601219697
0.008110136,1.618873013
0.008115105,1.618495985
0.008120074,1.600230874
0.008125044,1.570972019
0.008130013,1.541763479
0.008134983,1.523630323
0.008139952,1.52341708
0.008144922,1.541204189
0.008149891,1.570277635
0.008154861,1.599663238
0.00815983,1.618268988
0.008164799,1.619071866
0.008169769,1.601768763
0.008174738,1.572890894
0.008179708,1.543338511
0.008184677,1.524266472
0.008189647,1.522873698
0.008194616,1.539685857
0.008199586,1.56835694
0.008204555,1.598064643
0.008209525,1.617595378
0.008214494,1.619576978
0.008219463,1.603261409
0.008224433,1.574807132
0.008229402,1.544954508
0.008234372,1.524971724
0.008239341,1.522401474
0.008244311,1.538213877
0.00824928,1.566440296
0.00825425,1.59642627
0.008259219,1.616853175
0.008264188,1.620010571
0.008269158,1.60470661
0.008274127,1.576717905
0.008279097,1.546609083
0.008284066,1.525745036
0.008289036,1.522001101
0.008294005,1.536790419
0.008298975,1.564530529
0.008303944,1.594750534
0.008308913,1.61604347
0.008313883,1.620372006
0.008318852,1.606102229
0.008323822,1.57862039
0.008328791,1.548299793
0.008333761,1.526585265
0.00833873,1.521673169
0.0083437,1.535417582
0.008348669,1.562630456
0.008353638,1.593039905
0.008358608,1.615167458
0.008363577,1.620660746
0.008368547,1.607446208
0.008373516,1.58051178
0.008378486,1.550024141
0.008383455,1.527491169
0.008388425,1.521418158
0.008393394,1.534097389
0.008398363,1.560742877
0.008403333,1.591296905
0.008408302,1.614226427
0.008413272,1.620876363
0.008418241,1.60873656
0.008423211,1.582389282
0.00842818,1.551779581
0.00843315,1.528461409
0.008438119,1.521236444
0.008443088,1.532831785
0.008448058,1.558870576
0.008453027,1.589524103
0.008457997,1.613221765
0.008462966,1.621018537
0.008467936,1.609971379
0.008472905,1.584250124
0.008477875,1.553563521
0.008482844,1.529494552
0.008487813,1.521128292
0.008492783,1.531622636
0.008497752,1.557016311
0.008502722,1.587724113
0.008507691,1.612154952
0.008512661,1.621087057
0.00851763,1.611148842
0.0085226,1.586091557
0.008527569,1.555373327
0.008532538,1.530589072
0.008537508,1.52109386
0.008542477,1.530471723
0.008547447,1.555182818
0.008552416,1.585899588
0.008557386,1.61102756
0.008562355,1.621081819
0.008567325,1.61226721
0.008572294,1.587910864
0.008577263,1.557206327
0.008582233,1.531743352
0.008587202,1.521133197
0.008592172,1.529380743
0.008597141,1.553372799
0.008602111,1.584053219
0.00860708,1.609841249
0.00861205,1.621002829
0.008617019,1.613324831
0.008621989,1.589705357
0.008626958,1.559059815
0.008631927,1.532955686
0.008636897,1.521246242
0.008641866,1.528351302
0.008646836,1.551588923
0.008651805,1.582187727
0.008656775,1.608597768
0.008661744,1.620850201
0.008666714,1.614320142
0.008671683,1.591472389
0.008676652,1.560931054
0.008681622,1.534224285
0.008686591,1.521432827
0.008691561,1.527384919
0.00869653,1.549833819
0.0087015,1.580305862
0.008706469,1.60729895
0.008711439,1.620624158
0.008716408,1.615251672
0.008721377,1.593209348
0.008726347,1.56281728
0.008731316,1.535547274
0.008736286,1.521692673
0.008741255,1.526483016
0.008746225,1.548110075
0.008751194,1.5784104
0.008756164,1.605946709
0.008761133,1.620325033
0.008766102,1.616118045
0.008771072,1.594913671
0.008776041,1.56471571
0.008781011,1.536922699
0.00878598,1.522025397
0.00879095,1.525646922
0.008795919,1.546420232
0.008800889,1.576504133
0.008805858,1.604543038
0.008810827,1.619953264
0.008815797,1.616917981
0.008820766,1.596582841
0.008825736,1.56662354
0.008830705,1.538348529
0.008835675,1.522430505
0.008840644,1.524877869
0.008845614,1.544766781
0.008850583,1.574589874
0.008855552,1.603090005
0.008860522,1.619509397
0.008865491,1.617650298
0.008870461,1.598214394
0.00887543,1.568537953
0.0088804,1.539822658
0.008885369,1.522907397
0.008890339,1.524176989
0.008895308,1.543152159
0.008900277,1.572670444
0.008905247,1.601589753
0.008910216,1.618994086
0.008915186,1.618313913
0.008920155,1.59980592
0.008925125,1.570456123
0.008930094,1.54134291
0.008935064,1.523455368
0.008940033,1.523545314
0.008945002,1.541578747
0.008949972,1.570748672
0.008954941,1.600044492
0.008959911,1.618408089
0.00896488,1.618907845
0.00896985,1.601355069
0.008974819,1.572375218
0.008979789,1.54290704
0.008984758,1.524073606
0.008989727,1.522983775
0.008994697,1.540048863
0.008999666,1.568827392
0.009004636,1.598456501
0.009009605,1.617752268
0.009014575,1.619431215
0.009019544,1.602859553
0.009024514,1.574292404
0.009029483,1.544512737
0.009034453,1.524761198
0.009039422,1.522493197
0.009044391,1.538564764
0.009049361,1.566909437
0.00905433,1.596828121
0.0090593,1.617027588
0.009064269,1.61988325
0.009069239,1.60431715
0.009074208,1.576204851
0.009079178,1.54615763
0.009084147,1.525517128
0.009089116,1.522074302
0.009094086,1.537128636
0.009099055,1.564997635
0.009104025,1.595161751
0.009108994,1.616235117
0.009113964,1.620263281
0.009118933,1.605725709
0.009123903,1.578109734
0.009128872,1.547839292
0.009133841,1.526340278
0.009138811,1.521727706
0.00914378,1.535742596
0.00914875,1.563094803
0.009153719,1.593459849
0.009158689,1.615376023
0.009163658,1.620570744
0.009168628,1.607083149
0.009173597,1.580004243
0.009178566,1.549555237
0.009183536,1.527229431
0.009188505,1.521453919
0.009193475,1.534408687
0.009198444,1.561203747
0.009203414,1.591724923
0.009208383,1.614451569
0.009213353,1.620805184
0.009218322,1.608387465
0.009223291,1.581885578
0.009228261,1.551302934
0.00923323,1.528183273
0.0092382,1.521253342
0.009243169,1.533128876
0.009248139,1.559327256
0.009253108,1.58995953
0.009258078,1.613463119
0.009263047,1.620966254
0.009268016,1.60963673
0.009272986,1.583750964
0.009277955,1.553079801
0.009282925,1.529200396
0.009287894,1.52112627
0.009292864,1.531905048
0.009297833,1.557468095
0.009302803,1.588166274
0.009307772,1.612412129
0.009312741,1.621053712
0.009317711,1.6108291
0.00932268,1.585597645
0.00932765,1.554883215
0.009332619,1.530279297
0.009337589,1.521072887
0.009342558,1.530739006
0.009347528,1.555629005
0.009352497,1.586347798
0.009357466,1.611300147
0.009362436,1.621067429
0.009367405,1.611962813
0.009372375,1.587422894
0.009377344,1.556710513
0.009382314,1.531418381
0.009387283,1.521093271
0.009392253,1.52963247
0.009397222,1.553812699
0.009402192,1.584506783
0.009407161,1.610128811
0.00941213,1.621007383
0.0094171,1.613036195
0.009422069,1.589224018
0.009427039,1.558558997
0.009432008,1.532615967
0.009436978,1.521187389
0.009441947,1.528587069
0.009446917,1.552021853
0.009451886,1.582645943
0.009456855,1.608899848
0.009461825,1.620873658
0.009466794,1.61404766
0.009471764,1.590998356
0.009476733,1.560425937
0.009481703,1.533870284
0.009486672,1.521355101
0.009491642,1.527604344
0.009496611,1.550259107
0.00950158,1.580768021
0.00950655,1.607615069
0.009511519,1.620666452
0.009516489,1.614995713
0.009521458,1.592743289
0.009526428,1.562308578
0.009531397,1.535179481
0.009536367,1.521596156
0.009541336,1.526685743
0.009546305,1.548527061
0.009551275,1.578875786
0.009556244,1.606276367
0.009561214,1.620386067
0.009566183,1.615878954
0.009571153,1.59445624
0.009576122,1.564204139
0.009581092,1.536541624
0.009586061,1.521910198
0.00959103,1.525832618
0.009596,1.546828268
0.009600969,1.576972028
0.009605939,1.604885716
0.009610908,1.620032915
0.009615878,1.616696077
0.009620847,1.59613468
0.009625817,1.566109822
0.009630786,1.537954701
0.009635755,1.52229676
0.009640725,1.525046228
0.009645694,1.545165231
0.009650664,1.575059553
0.009655633,1.603445164
0.009660603,1.619607515
0.009665572,1.617445875
0.009670542,1.59777613
0.009675511,1.568022813
0.00968048,1.539416626
0.00968545,1.522755271
0.009690419,1.524327729
0.009695389,1.543540403
0.009700358,1.573141182
0.009705328,1.601956836
0.009710297,1.619110493
0.009715267,1.61812724
0.009720236,1.599378167
0.009725205,1.569940288
0.009730175,1.540925239
0.009735144,1.523285052
0.009740114,1.523678179
0.009745083,1.541956178
0.009750053,1.571219741
0.009755022,1.600422925
0.009759992,1.618542579
0.009764961,1.618739164
0.00976993,1.600938425
0.0097749,1.571859416
0.009779869,1.542478312
0.009784839,1.523885319
0.009789808,1.523098536
0.009794778,1.540414893
0.009799747,1.569298065
0.009804717,1.598845693
0.009809686,1.61790461
0.009814656,1.619280743
0.009819625,1.6024546
0.009824594,1.573777363
0.009829564,1.544073553
0.009834533,1.524555184
0.009839503,1.522589652
0.009844472,1.538918818
0.009849442,1.567378985
0.009854411,1.597227463
0.009859381,1.617197525
0.00986435,1.619751175
0.009869319,1.603924453
0.009874289,1.575691297
0.009879258,1.545708605
0.009884228,1.525293658
0.009889197,1.522152276
0.009894167,1.537470159
0.009899136,1.565465332
0.009904106,1.595570622
0.009909075,1.616422366
0.009914044,1.620149765
0.009919014,1.605345814
0.009923983,1.577598393
0.009928953,1.547381054
0.009933922,1.526099648
0.009938892,1.521787051
0.009943861,1.536071052
0.009948831,1.563559927
0.0099538,1.593877612
0.009958769,1.615580272
0.009963739,1.620475921
0.009968708,1.606716582
0.009973678,1.579495835
0.009978647,1.549088431
0.009983617,1.526971964
0.009988586,1.521494514
0.009993556,1.534723558
0.009998525,1.561665579
0.010003494,1.592150929
0.010008464,1.614672486
0.010013433,1.620729161
0.010018403,1.608034735
0.010023372,1.581380821
0.010028342,1.550828214
0.010033311,1.527909316
0.010038281,1.521275094
0.01004325,1.533429663
0.010048219,1.55978508
0.010053189,1.590393118
0.010058158,1.613700344
0.010063128,1.62090911
0.010068097,1.609298324
0.010073067,1.583250569
0.010078036,1.552597835
0.010083006,1.52891032
0.010087975,1.521129113
0.010092944,1.532191275
0.010097914,1.557921203
0.010102883,1.58860677
0.010107853,1.612665279
0.010112822,1.621015499
0.010117792,1.610505485
0.010122761,1.585102317
0.010127731,1.554394681
0.0101327,1.529973496
0.010137669,1.521056785
0.010142639,1.531010218
0.010147608,1.556076697
0.010152578,1.586794519
0.010157547,1.611568815
0.010162517,1.62104817
0.010167486,1.611654433
0.010172456,1.586933332
0.010177425,1.556216098
0.010182394,1.531097273
0.010187364,1.521058214
0.010192333,1.529888233
0.010197303,1.554254279
0.010202272,1.584959038
0.010207242,1.610412568
0.010212211,1.621007072
0.010217181,1.612743471
0.01022215,1.58874091
0.01022712,1.558059397
0.010232089,1.532279993
0.010237058,1.521133396
0.010242028,1.528826974
0.010246997,1.552456638
0.010251967,1.58310303
0.010256936,1.609198242
0.010261906,1.620892264
0.010266875,1.613770991
0.010271845,1.590522382
0.010276814,1.559921858
0.010281783,1.533519907
0.010286753,1.521282218
0.010291722,1.527828003
0.010296692,1.550686423
0.010301661,1.581229234
0.010306631,1.607927627
0.0103116,1.620703913
0.01031657,1.614735474
0.010321539,1.592275118
0.010326508,1.561800729
0.010331478,1.534815185
0.010336447,1.521504458
0.010341417,1.526892792
0.010346386,1.548946243
0.010351356,1.579340412
0.010356325,1.606602595
0.010361295,1.620442296
0.010366264,1.615635497
0.010371233,1.59399653
0.010376203,1.563693237
0.010381172,1.536163913
0.010386142,1.521799787
0.010391111,1.526022721
0.010396081,1.547238664
0.01040105,1.577439347
0.01040602,1.605225099
0.010410989,1.620107795
0.010415958,1.616469727
0.010420928,1.595684076
0.010425897,1.565596587
0.010430867,1.537564099
0.010435836,1.522167766
0.010440806,1.525219069
0.010445775,1.545566204
0.010450745,1.575528843
0.010455714,1.603797169
0.010460683,1.619700903
0.010465653,1.617236934
0.010470622,1.597335264
0.010475592,1.56750797
0.010480561,1.539013676
0.010485531,1.522607851
0.0104905,1.524483021
0.01049547,1.543931327
0.010500439,1.573611717
0.010505408,1.60232091
0.010510378,1.619222218
0.010515347,1.617935982
0.010520317,1.598947656
0.010525286,1.569424563
0.010530256,1.540510503
0.010535225,1.52311939
0.010540195,1.52381566
0.010545164,1.542336445
0.010550133,1.571690795
0.010555103,1.600798498
0.010560072,1.618672444
0.010565042,1.618565839
0.010570011,1.600518871
0.010574981,1.571343536
0.01057995,1.542052369
0.01058492,1.523701627
0.010589889,1.52321797
0.010594858,1.540783907
0.010599828,1.569768908
0.010604797,1.599232177
0.010609767,1.61805239
0.010614736,1.619125573
0.010619706,1.602046589
0.010624675,1.573262057
0.010629645,1.543636998
0.010634614,1.5243537
0.010639584,1.522690829
0.010644553,1.539276002
0.010649522,1.567848891
0.010654492,1.597624256
0.010659461,1.617362968
0.010664431,1.619614357
0.0106694,1.603528554
0.01067437,1.575177292
0.010679339,1.545262049
0.010684309,1.525074646
0.010689278,1.522235014
0.010694247,1.537814954
0.010699217,1.565933574
0.010704186,1.595977105
0.010709156,1.616605195
0.010714125,1.620031466
0.010719095,1.604962578
0.010724064,1.577086415
0.010729034,1.546925123
0.010734003,1.525863398
0.010738972,1.521851195
0.010743942,1.536402915
0.010748911,1.564025781
0.010753881,1.594293152
0.01075885,1.615780185
0.01076382,1.620376284
0.010768789,1.606346542
0.010773759,1.578986605
0.010778728,1.548623764
0.010783697,1.526718791
0.010788667,1.521539936
0.010793636,1.535041967
0.010798606,1.562128325
0.010803575,1.59257488
0.010808545,1.614889154
0.010813514,1.620648299
0.010818484,1.607678403
0.010823453,1.580875058
0.010828422,1.550355464
0.010833392,1.527639561
0.010838361,1.521301694
0.010843331,1.533734115
0.0108483,1.560244002
0.01085327,1.590824821
0.010858239,1.613933415
0.010863209,1.620847109
0.010868178,1.608956193
0.010873147,1.582748986
0.010878117,1.552117666
0.010883086,1.528624348
0.010888056,1.521136819
0.010893025,1.532481287
0.010897995,1.558375591
0.010902964,1.589045556
0.010907934,1.612914375
0.010912903,1.620972418
0.010917872,1.610178026
0.010922842,1.584605621
0.010927811,1.553907768
0.010932781,1.529671695
0.01093775,1.521045553
0.01094272,1.53128533
0.010947689,1.556525847
0.010952659,1.587239707
0.010957628,1.611833536
0.010962597,1.621024039
0.010967567,1.611342096
0.010972536,1.586442222
0.010977506,1.555723127
0.010982475,1.530780057
0.010987445,1.521028026
0.010992414,1.530148006
0.010997384,1.554697496
0.011002353,1.585409937
0.011007323,1.610692491
0.011012292,1.621001894
0.011017261,1.612446685
0.011022231,1.588256079
0.0110272,1.557561063
0.01103217,1.531947795
0.011037139,1.521084265
0.011042109,1.529070991
0.011047078,1.552893234
0.011052048,1.583558944
0.011057017,1.60949292
0.011061986,1.620906014
0.011066956,1.61349016
0.011071925,1.590044511
0.011076895,1.559418862
0.011081864,1.533173186
0.011086834,1.521214182
0.011091803,1.528055871
0.011096773,1.551115721
0.011101742,1.581689456
0.011106711,1.608236593
0.011111681,1.620736537
0.01111665,1.61447098
0.01112162,1.591804879
0.011126589,1.56129378
0.011131559,1.534454418
0.011136528,1.521417586
0.011141498,1.527104143
0.011146467,1.549367577
0.011151436,1.579804229
0.011156406,1.606925359
0.011161375,1.620493713
0.011166345,1.615387696
0.011171314,1.593534584
0.011176284,1.56318305
0.011181253,1.535789599
0.011186223,1.521694172
0.011191192,1.526217208
0.011196161,1.54765138
0.011201131,1.577906043
0.0112061,1.605561153
0.01121107,1.620177896
0.011216039,1.616238953
0.011221009,1.595231071
0.011225978,1.565083882
0.011230948,1.537176758
0.011235917,1.522043532
0.011240886,1.525396374
0.011245856,1.545969658
0.011250825,1.575997696
0.011255795,1.604145983
0.011260764,1.619789552
0.011265734,1.617023493
0.011270703,1.596891836
0.011275673,1.56699347
0.011280642,1.538613846
0.011285611,1.522465148
0.011290581,1.524642848
0.01129555,1.544324893
0.01130052,1.574082002
0.011305489,1.602681937
0.011310459,1.61932925
0.011315428,1.617740156
0.011320398,1.598514426
0.011325367,1.568908994
0.011330336,1.540098741
0.011335306,1.522958396
0.011340275,1.523957741
0.011345245,1.542719507
0.011350214,1.572161785
0.011355184,1.601171172
0.011360153,1.618797668
0.011365123,1.618387884
0.011370092,1.600096445
0.011375061,1.570827627
0.011380031,1.541629249
0.011385,1.523522546
0.01138997,1.523342061
0.011394939,1.541155868
0.011399909,1.570239875
0.011404878,1.599615915
0.011409848,1.618195589
0.011414817,1.618965719
0.011419787,1.601635558
0.011424756,1.572746534
0.011429725,1.543203111
0.011434695,1.524156763
0.011439664,1.522796715
0.011444634,1.539636281
0.011449603,1.568319108
0.011454573,1.598018459
0.011459542,1.617523898
0.011464512,1.619472806
0.011469481,1.60312949
0.01147445,1.574662884
0.01147942,1.544818003
0.011484389,1.524860111
0.011489359,1.522322505
0.011494328,1.538162985
0.011499298,1.566402313
0.011504267,1.596381158
0.011509237,1.616783584
0.011514206,1.619908394
0.011519175,1.604576037
0.011524145,1.576573846
0.011529114,1.546471539
0.011534084,1.525631548
0.011539053,1.52192013
0.011544023,1.536738152
0.011548992,1.564492318
0.011553962,1.594706426
0.011558931,1.615975738
0.0115639,1.620271839
0.01156887,1.605973061
0.011573839,1.5784766
0.011578809,1.548161279
0.011583778,1.526469935
0.011588748,1.521590179
0.011593717,1.535363882
0.011598687,1.562591938
0.011603656,1.592996732
0.011608625,1.615101549
0.011613595,1.620562604
0.011618564,1.6073185
0.011623534,1.580368336
0.011628503,1.549884727
0.011633473,1.527374034
0.011638442,1.521333139
0.011643412,1.5340422
0.011648381,1.560703974
0.01165335,1.591254596
0.01165832,1.614162305
0.011663289,1.620780256
0.011668259,1.608610367
0.011673228,1.582246261
0.011678198,1.551639339
0.011683167,1.528342507
0.011688137,1.521149386
0.011693106,1.532775055
0.011698075,1.558831211
0.011703045,1.589482586
0.011708014,1.613159391
0.011712984,1.620924472
0.011717953,1.609846753
0.011722923,1.584107602
0.011727892,1.553422523
0.011732862,1.529373924
0.011737831,1.521039189
0.0117428,1.531564314
0.01174777,1.556976409
0.011752739,1.587683315
0.011757709,1.612094282
0.011762678,1.620995039
0.011767648,1.611025833
0.011772617,1.585949611
0.011777587,1.555231647
0.011782556,1.530466761
0.011787525,1.521002709
0.011792495,1.530411761
0.011797464,1.555142303
0.011802434,1.585859436
0.011807403,1.610968549
0.011812373,1.620991848
0.011817342,1.612145864
0.011822312,1.587769568
0.011827281,1.55706404
0.011832251,1.531619405
0.01183722,1.521039998
0.011842189,1.529319095
0.011847159,1.553331596
0.011852128,1.584013636
0.011857098,1.609783851
0.011862067,1.620914905
0.011867037,1.613205192
0.011872006,1.589564787
0.011876976,1.558916996
0.011881945,1.532830151
0.011886914,1.521150999
0.011891884,1.528287925
0.011896853,1.551546958
0.011901823,1.582148638
0.011906792,1.608541933
0.011911762,1.620764319
0.011916731,1.614202253
0.011921701,1.591332616
0.01192667,1.560787779
0.011931639,1.534097212
0.011936609,1.521335545
0.011941578,1.527319772
0.011946548,1.54979102
0.011951517,1.58026719
0.011956487,1.607244626
0.011961456,1.62054031
0.011966426,1.615135573
0.011971395,1.593070445
0.011976364,1.562673627
0.011981334,1.535418717
0.011986303,1.521593363
0.011991273,1.52641606
0.011996242,1.548066371
0.012001212,1.578372068
0.012006181,1.605893841
0.012011151,1.620243208
0.01201612,1.616003773
0.012021089,1.594775708
0.012026059,1.564571756
0.012031028,1.536792714
0.012035998,1.52192407
0.012040967,1.525578123
0.012045937,1.546375553
0.012050906,1.576466064
0.012055876,1.60449157
0.012060845,1.619873449
0.012065814,1.61680557
0.012070784,1.596445888
0.012075753,1.566479363
0.012080723,1.538217173
0.012085692,1.522327176
0.012090662,1.524807193
0.012095631,1.544721058
0.012100601,1.574551988
0.01210557,1.603039879
0.012110539,1.619431576
0.012115509,1.617539779
0.012120478,1.598078518
0.012125448,1.568393631
0.012130417,1.53968999
0.012135387,1.522802084
0.012140356,1.524104406
0.012145326,1.543105326
0.012150295,1.572632663
0.012155264,1.601540908
0.012160234,1.618918238
0.012165203,1.618205315
0.012170173,1.599671187
0.012175142,1.570311735
0.012180112,1.541208992
0.012185081,1.523348091
0.012190051,1.523470797
0.01219502,1.541530738
0.012199989,1.570710918
0.012204959,1.599996867
0.012209928,1.618334192
0.012214898,1.618801193
0.012219867,1.601221543
0.012224837,1.572230842
0.012229806,1.542771934
0.012234776,1.523964391
0.012239745,1.522907298
0.012244715,1.539999616
0.012249684,1.568789586
0.012254653,1.598410031
0.012259623,1.617680297
0.012264592,1.619326534
0.012269562,1.602727297
0.012274531,1.57414812
0.012279501,1.544376509
0.01228447,1.524650071
0.01228944,1.52241474
0.012294409,1.538514215
0.012299378,1.566871501
0.012304348,1.596782739
0.012309317,1.616957515
0.012314287,1.619780559
0.012319256,1.604186226
0.012324226,1.576060736
0.012329195,1.546020347
0.012334165,1.525404118
0.012339134,1.521993846
0.012344103,1.537076727
0.012349073,1.564959489
0.012354042,1.595117391
0.012359012,1.616166911
0.012363981,1.620162596
0.012368951,1.605596175
0.01237392,1.577965868
0.01237889,1.547701021
0.012383859,1.526225418
0.012388828,1.521645236
0.012393798,1.535689269
0.012398767,1.563056371
0.012403737,1.593416442
0.012408706,1.615309649
0.012413676,1.620472081
0.012418645,1.606955061
0.012423615,1.579860702
0.012428584,1.549416049
0.012433553,1.527112756
0.012438523,1.521369422
0.012443492,1.534353886
0.012448462,1.56116495
0.012453431,1.591682398
0.012458401,1.614386992
0.01246337,1.620708553
0.01246834,1.608260878
0.012473309,1.581742441
0.012478278,1.551162899
0.012483248,1.528064821
0.012488217,1.521166808
0.012493187,1.533072547
0.012498156,1.559288017
0.012503126,1.589917817
0.012508095,1.6134003
0.012513065,1.620871663
0.012518034,1.609511697
0.012523003,1.583608306
0.012527973,1.552938991
0.012532942,1.529080208
0.012537912,1.521037693
0.012542881,1.53184714
0.012547851,1.557428338
0.01255282,1.588125299
0.01255779,1.612351025
0.012562759,1.620961168
0.012567728,1.610705671
0.012572698,1.585455544
0.012577667,1.554741704
0.012582637,1.530157414
0.012587606,1.520982263
0.012592576,1.53067947
0.012597545,1.555588655
0.012602515,1.586307487
0.012607484,1.611240714
0.012612454,1.620976933
0.012617423,1.611841035
0.012622392,1.587281425
0.012627362,1.556568375
0.012632331,1.53129485
0.012637301,1.521000599
0.01264227,1.52957126
0.01264724,1.553771679
0.012652209,1.584467061
0.012657179,1.610071003
0.012662148,1.620918933
0.012667117,1.612916114
0.012672087,1.589083254
0.012677056,1.558416307
0.012682026,1.532490835
0.012686995,1.521092671
0.012691965,1.52852414
0.012696934,1.551980091
0.012701904,1.582606734
0.012706873,1.608843616
0.012711842,1.620787252
0.012716812,1.613929318
0.012721781,1.590858372
0.012726751,1.560282772
0.01273172,1.533743602
0.01273669,1.521258342
0.012741659,1.527539655
0.012746629,1.55021653
0.012751598,1.580729249
0.012756567,1.607560361
0.012761537,1.620582082
0.012766506,1.61487915
0.012771476,1.592604156
0.012776445,1.562165015
0.012781415,1.535051301
0.012786384,1.521497366
0.012791354,1.526619255
0.012796323,1.548483597
0.012801292,1.578837374
0.012806262,1.60622313
0.012811231,1.620303723
0.012816201,1.615764209
0.01282117,1.594318029
0.01282614,1.564060255
0.012831109,1.536412001
0.012836079,1.521809387
0.012841048,1.525764296
0.012846017,1.546783846
0.012850987,1.576933898
0.012855956,1.604833894
0.012860926,1.619952585
0.012865895,1.616583184
0.012870865,1.595997461
0.012875834,1.565965695
0.012880804,1.537823692
0.012885773,1.522193944
0.012890742,1.524976036
0.012895712,1.545119783
0.012900681,1.575021628
0.012905651,1.603394699
0.01291062,1.619529183
0.01291559,1.617334867
0.012920559,1.597639971
0.012925529,1.567878521
0.012930498,1.539284289
0.012935467,1.522650466
0.012940437,1.524255638
0.012945406,1.543493862
0.012950376,1.573103381
0.012955345,1.601907668
0.012960315,1.619034139
0.012965284,1.618018146
0.012970254,1.599243134
0.012975223,1.56979591
0.012980192,1.540791636
0.012985162,1.523178278
0.012990131,1.523604161
0.012995101,1.541908478
0.01300007,1.571181988
0.01300504,1.600374993
0.013010009,1.618468183
0.013014979,1.618632011
0.013019948,1.600804583
0.013024918,1.57171503
0.013029887,1.542343506
0.013034856,1.5237766
0.013039826,1.523022565
0.013044795,1.54036597
0.013049765,1.56926028
0.013054734,1.598798932
0.013059704,1.617832147
0.013064673,1.619175553
0.013069643,1.602322013
0.013074612,1.573633048
0.013079581,1.543937607
0.013084551,1.524444546
0.01308952,1.522511706
0.01309449,1.53886861
0.013099459,1.56734109
0.013104429,1.597181808
0.013109398,1.617126967
0.013114368,1.619647971
0.013119337,1.603793181
0.013124306,1.575547132
0.013129276,1.545571586
0.013134245,1.525181129
0.013139215,1.522072336
0.013144184,1.537418605
0.013149154,1.565427248
0.013154123,1.595526006
0.013159093,1.616353683
0.013164062,1.620048563
0.013169031,1.605215917
0.013174001,1.577454455
0.01317897,1.54724303
0.01318394,1.525985261
0.013188909,1.5217051
0.013193879,1.536018094
0.013198848,1.563521576
0.013203818,1.593833967
0.013208787,1.615513431
0.013213756,1.620376737
0.013218726,1.606588118
0.013223695,1.579352203
0.013228665,1.548949471
0.013233634,1.526855752
0.013238604,1.521410538
0.013243573,1.53466914
0.013248543,1.561626883
0.013253512,1.592108184
0.013258481,1.614607451
0.013263451,1.620632007
0.01326842,1.607907757
0.01327339,1.581237573
0.013278359,1.550688389
0.013283329,1.527791317
0.013288298,1.521189084
0.013293268,1.533373731
0.013298237,1.559745962
0.013303206,1.590351203
0.013308176,1.613637077
0.013313145,1.620813995
0.013318115,1.609172887
0.013323084,1.583107781
0.013328054,1.552457217
0.013333023,1.528790573
0.013337993,1.521041061
0.013342962,1.532133777
0.013347931,1.557881587
0.013352901,1.588565612
0.01335787,1.612603738
0.01336284,1.620922428
0.013367809,1.610381638
0.013372779,1.584960066
0.013377748,1.554253342
0.013382718,1.529852044
0.013387687,1.520966687
0.013392656,1.530951105
0.013397626,1.556036506
0.013402595,1.586754045
0.013407565,1.611508957
0.013412534,1.620957147
0.013417504,1.611532226
0.013422473,1.586791693
0.013427443,1.556074114
0.013432412,1.530974161
0.013437382,1.520966067
0.013442351,1.529827458
0.01344732,1.554213439
0.01345229,1.584919171
0.013457259,1.610354348
0.013462229,1.620918097
0.013467198,1.612622949
0.013472168,1.588599958
0.013477137,1.557916842
0.013482107,1.532155267
0.013487076,1.521039203
0.013492045,1.528764491
0.013497015,1.552415074
0.013501984,1.583063697
0.013506954,1.609141611
0.013511923,1.620805333
0.013516893,1.613652198
0.013521862,1.590382191
0.013526832,1.559778808
0.013531801,1.533393618
0.01353677,1.521185983
0.01354174,1.52776377
0.013546709,1.550644061
0.013551679,1.581190358
0.013556648,1.607872533
0.013561618,1.620619021
0.013566587,1.614618451
0.013571557,1.592135759
0.013576526,1.561657261
0.013581495,1.534687385
0.013586465,1.521406189
0.013591434,1.526826771
0.013596404,1.548903013
0.013601373,1.579301915
0.013606343,1.606548986
0.013611312,1.620359433
0.013616282,1.615520281
0.013621251,1.593858075
0.01362622,1.563549427
0.01363119,1.536034655
0.013636159,1.521699494
0.013641129,1.525954873
0.013646098,1.547194495
0.013651068,1.577401152
0.013656037,1.605172919
0.013661007,1.62002695
0.013665976,1.616356356
0.013670945,1.595546595
0.013675915,1.565452515
0.013680884,1.537433441
0.013685854,1.522065463
0.013690823,1.525149361
0.013695793,1.545521026
0.013700762,1.575490873
0.013705732,1.603746361
0.013710701,1.61962206
0.01371567,1.617125439
0.01372064,1.597198826
0.013725609,1.567363712
0.013730579,1.538881675
0.013735548,1.522503555
0.013740518,1.524411421
0.013745487,1.543885074
0.013750457,1.573573892
0.013755426,1.602271415
0.013760395,1.619145359
0.013765365,1.617826394
0.013770334,1.598812327
0.013775304,1.569280199
0.013780273,1.540377219
0.013785243,1.52301312
0.013790212,1.52374214
0.013795182,1.542289049
0.013800151,1.571653037
0.013805121,1.600750254
0.01381009,1.618597547
0.013815059,1.618458185
0.013820029,1.600384717
0.013824998,1.571199145
0.013829968,1.541917866
0.013834937,1.523593405
0.013839907,1.523142503
0.013844876,1.540735304
0.013849846,1.569731139
0.013854815,1.599185121
0.013859784,1.617979432
0.013864754,1.619019877
0.013869723,1.601913674
0.013874693,1.573117716
0.013879662,1.543501338
0.013884632,1.524243552
0.013889601,1.522613393
0.013894571,1.53922613
0.01389954,1.567811032
0.013904509,1.597578323
0.013909479,1.617291923
0.013914448,1.61951064
0.013919418,1.603396939
0.013924387,1.575033081
0.013929357,1.545125299
0.013934326,1.5249626
0.013939296,1.522155588
0.013944265,1.537763752
0.013949234,1.565895546
0.013954204,1.595932229
0.013959173,1.616536033
0.013964143,1.619929748
0.013969112,1.604832322
0.013974082,1.576942411
0.013979051,1.546787351
0.013984021,1.525749485
0.01398899,1.521769762
0.013993959,1.536350324
0.013998929,1.563987506
0.014003898,1.594249264
0.014008868,1.615712874
0.014013837,1.62027658
0.014018807,1.606217704
0.014023776,1.578842887
0.014028746,1.548485038
0.014033715,1.526603045
0.014038684,1.521456482
0.014043654,1.53498793
0.014048623,1.562089725
0.014053593,1.592531911
0.014058562,1.614823658
0.014063532,1.620550623
0.014068501,1.607551038
0.014073471,1.580731704
0.01407844,1.550215854
0.014083409,1.527522018
0.014088379,1.521216208
0.014093348,1.533678578
0.014098318,1.560205
0.014103287,1.5907827
0.014108257,1.613869697
0.014113226,1.620751469
0.014118196,1.608830355
0.014123165,1.582606072
0.014128134,1.551977245
0.014133104,1.528505046
0.014138073,1.521049293
0.014143043,1.532424197
0.014148012,1.55833611
0.014152982,1.58900421
0.014157951,1.612852395
0.014162921,1.620878822
0.01416789,1.610053766
0.014172859,1.584463225
0.014177829,1.553766608
0.014182798,1.529550678
0.014187768,1.52095598
0.014192737,1.531226637
0.014197707,1.556485811
0.014202676,1.587199064
0.014207646,1.61177325
0.014212615,1.62093249
0.014217585,1.611219464
0.014222554,1.586300419
0.014227523,1.555581302
0.014232493,1.530657367
0.014237462,1.520936406
0.014242432,1.530087662
0.014247401,1.554656829
0.014252371,1.585369922
0.01425734,1.610633854
0.01426231,1.620912393
0.014267279,1.612325726
0.014272248,1.588114943
0.014277218,1.557418647
0.014282187,1.53182348
0.014287157,1.520990597
0.014292126,1.529008951
0.014297096,1.552851863
0.014302065,1.583519481
0.014307035,1.609435885
0.014312004,1.620818558
0.014316973,1.613370919
0.014321943,1.589904117
0.014326912,1.559275931
0.014331882,1.533047294
0.014336851,1.521118471
0.014341821,1.527992092
0.01434679,1.551073571
0.01435176,1.581650469
0.014356729,1.608181108
0.014361698,1.620651122
0.014366668,1.614353498
0.014371637,1.5916653
0.014376607,1.561150412
0.014381576,1.534327001
0.014386546,1.521319838
0.014391515,1.527038585
0.014396485,1.549324577
0.014401454,1.579765642
0.014406423,1.606871374
0.014411393,1.62041033
0.014416362,1.615272012
0.014421332,1.59339589
0.014426301,1.563039321
0.014431271,1.535660711
0.01443624,1.521594398
0.01444121,1.526149833
0.014446179,1.547607458
0.014451148,1.577867778
0.014456118,1.605508611
0.014461087,1.620096534
0.014466057,1.616125104
0.014471026,1.595093334
0.014475996,1.56493987
0.014480965,1.537046454
0.014485935,1.521941745
0.014490904,1.525327147
0.014495873,1.545924747
0.014500843,1.575959675
0.014505812,1.604094828
0.014510782,1.619710195
0.014515751,1.616911512
0.014520721,1.596755124
0.01452569,1.566849253
0.01453066,1.538482184
0.014535629,1.522361363
0.014540598,1.524571737
0.014545568,1.544278922
0.014550537,1.574044147
0.014555507,1.60263211
0.014560476,1.619251883
0.014565446,1.617630075
0.014570415,1.598378806
0.014575385,1.56876465
0.014580354,1.539965781
0.014585323,1.522852631
0.014590293,1.523884717
0.014595262,1.542672411
0.014600232,1.572124017
0.014605201,1.601122612
0.014610171,1.61872227
0.01461514,1.61827973
0.01462011,1.599961983
0.014625079,1.570683234
0.014630049,1.541495053
0.014635018,1.523414823
0.014639987,1.523267097
0.014644957,1.541107582
0.014649926,1.570202117
0.014654896,1.59956856
0.014659865,1.618122136
0.014664835,1.618859517
0.014669804,1.601502318
0.014674774,1.572602173
0.014679743,1.543067743
0.014684712,1.524047108
0.014689682,1.522719787
0.014694651,1.539586741
0.014699621,1.568281279
0.01470459,1.597972244
0.01470956,1.617452364
0.014714529,1.619368578
0.014719499,1.602997535
0.014724468,1.574518632
0.014729437,1.544681527
0.014734407,1.52474855
0.014739376,1.522243592
0.014744346,1.53811213
0.014749315,1.566364336
0.014754285,1.596336017
0.014759254,1.616713942
0.014764224,1.619806161
0.014769193,1.604445426
0.014774162,1.576429782
0.014779132,1.546334024
0.014784101,1.525518112
0.014789071,1.521839214
0.01479404,1.536685923
0.01479901,1.564454114
0.014803979,1.594662291
0.014808949,1.615907955
0.014813918,1.620171617
0.014818887,1.605843853
0.014823857,1.578332801
0.014828826,1.548022792
0.014833796,1.526354656
0.014838765,1.521507246
0.014843735,1.535310221
0.014848704,1.562553429
0.014853674,1.592953533
0.014858643,1.615035591
0.014863612,1.620464405
0.014868582,1.607190752
0.014873551,1.580224881
0.014878521,1.549745338
0.01488349,1.527256948
0.01488846,1.521248176
0.014893429,1.533987053
0.014898399,1.560665083
0.014903368,1.591212264
0.014908337,1.614098135
0.014913307,1.620684092
0.014918276,1.608484132
0.014923246,1.582103227
0.014928215,1.55149912
0.014933185,1.528223653
0.014938154,1.521062384
0.014943124,1.532718369
0.014948093,1.558791861
0.014953062,1.589441048
0.014958032,1.613096968
0.014963001,1.62083035
0.014967971,1.609722083
0.01497294,1.583965065
0.01497791,1.553281546
0.014982879,1.529253343
0.014987849,1.520950142
0.014992818,1.531506037
0.014997787,1.556936523
0.015002757,1.587642498
0.015007726,1.612033565
0.015012696,1.620902963
0.015017665,1.610902778
0.015022635,1.585807648
0.015027604,1.555089986
0.015032574,1.530344496
0.015037543,1.520911615
0.015042513,1.530351846
0.015047482,1.555101805
0.015052451,1.585819266
0.015057421,1.610909493
0.01506239,1.620901821
0.01506736,1.612024471
0.015072329,1.587628254
0.015077299,1.556921769
0.015082268,1.531495502
0.015087238,1.520946856
0.015092207,1.529257495
0.015097176,1.553290413
0.015102146,1.583974038
0.015107115,1.609726409
0.015112085,1.620826924
0.015117054,1.613085506
0.015122024,1.589424195
0.015126993,1.558774191
0.015131963,1.532704659
0.015136932,1.521055812
0.015141901,1.528224597
0.015146871,1.551505016
0.01515184,1.582109536
0.01515681,1.608486055
0.015161779,1.62067838
0.015166749,1.614084316
0.015171718,1.59119282
0.015176688,1.560644516
0.015181657,1.533970182
0.015186626,1.52123832
0.015191596,1.527254674
0.015196565,1.549748246
0.015201535,1.580228508
0.015206504,1.60719026
0.015211474,1.620456406
0.015216443,1.615019424
0.015221413,1.592931517
0.015226382,1.562529983
0.015231351,1.535290202
0.015236321,1.521494108
0.01524129,1.526349156
0.01524626,1.548022694
0.015251229,1.578333727
0.015256199,1.605840934
0.015261168,1.620161328
0.015266138,1.615889449
0.015271107,1.594637719
0.015276076,1.564427809
0.015281046,1.536662768
0.015286015,1.521822798
0.015290985,1.525509375
0.015295954,1.546330902
0.015300924,1.576427987
0.015305893,1.604440064
0.015310863,1.619793579
0.015315832,1.616693106
0.015320801,1.596308906
0.015325771,1.56633519
0.01533074,1.538085854
0.01533571,1.522223901
0.015340679,1.524736569
0.015345649,1.544675366
0.015350618,1.574514098
0.015355588,1.602989717
0.015360557,1.619353699
0.015365526,1.617429207
0.015370496,1.597942611
0.015375465,1.568249312
0.015380435,1.539557358
0.015385404,1.522696825
0.015390374,1.524031876
0.015395343,1.543058525
0.015400313,1.57259488
0.015405282,1.601492029
0.015410252,1.618842336
0.015415221,1.618096663
0.01542019,1.599536421
0.01542516,1.570167348
0.015430129,1.541075107
0.015435099,1.52324087
0.015440068,1.523396333
0.015445038,1.541482764
0.015450007,1.570673164
0.015454977,1.599949208
0.015459946,1.618260241
0.015464915,1.618694488
0.015469885,1.601087983
0.015474854,1.572086466
0.015479824,1.542636861
0.015484793,1.52385523
0.015489763,1.522830877
0.015494732,1.539950404
0.015499702,1.568751783
0.015504671,1.598363529
0.01550964,1.617608273
0.01551461,1.619221797
0.015519579,1.602595006
0.015524549,1.574003832
0.015529518,1.544240311
0.015534488,1.524538997
0.015539457,1.522336339
0.015544427,1.538463704
0.015549396,1.566833569
0.015554365,1.596737329
0.015559335,1.616887389
0.015564304,1.619677812
0.015569274,1.604055264
0.015574243,1.575916616
0.015579213,1.545883092
0.015584182,1.525291161
0.015589152,1.521913447
0.015594121,1.537024857
0.01559909,1.564921351
0.01560406,1.595073004
0.015609029,1.616098653
0.015613999,1.620061856
0.015618968,1.605466601
0.015623938,1.577821993
0.015628907,1.547562776
0.015633877,1.526110609
0.015638846,1.521562822
0.015643815,1.535635982
0.015648785,1.563017948
0.015653754,1.59337301
0.015658724,1.615243225
0.015663693,1.620373361
0.015668663,1.606826932
0.015673632,1.579717151
0.015678602,1.549276885
0.015683571,1.526996131
0.01568854,1.521284981
0.01569351,1.534299126
0.015698479,1.561126165
0.015703449,1.59163985
0.015708418,1.614322366
0.015713388,1.620611866
0.015718357,1.608134249
0.015723327,1.581599291
0.015728296,1.551022886
0.015733265,1.527946418
0.015738235,1.521080331
0.015743204,1.533016261
0.015748174,1.559248792
0.015753143,1.589876082
0.015758113,1.613337432
0.015763082,1.620777016
0.015768052,1.60938662
0.015773021,1.583465635
0.01577799,1.552798202
0.01578296,1.528960066
0.015787929,1.520949172
0.015792899,1.531789276
0.015797868,1.557388597
0.015802838,1.588084304
0.015807807,1.612289874
0.015812777,1.620868566
0.015817746,1.610582196
0.015822716,1.585313426
0.015827685,1.554600211
0.015832654,1.530035578
0.015837624,1.520891695
0.015842593,1.53061998
0.015847563,1.555548321
0.015852532,1.586267158
0.015857502,1.611181236
0.015862471,1.620886379
0.015867441,1.61171921
0.01587241,1.587139937
0.015877379,1.556426253
0.015882349,1.531171364
0.015887318,1.520907983
0.015892288,1.529510096
0.015897257,1.553730679
0.015902227,1.584427323
0.015907196,1.610013151
0.015912166,1.620830427
0.015917135,1.612795984
0.015922104,1.58894247
0.015927074,1.558273632
0.015932043,1.532365747
0.015937013,1.52099801
0.015941982,1.52846126
0.015946952,1.55193835
0.015951921,1.582567512
0.015956891,1.608787341
0.01596186,1.620700789
0.015966829,1.613810927
0.015971799,1.590718364
0.015976768,1.56013962
0.015981738,1.533616962
0.015986707,1.52116164
0.015991677,1.527475016
0.015996646,1.550173976
0.016001616,1.580690466
0.016006585,1.607505612
0.016011554,1.620497656
0.016016524,1.614762538
0.016021493,1.592464998
0.016026463,1.562021461
0.016031432,1.534923162
0.016036402,1.521398632
0.016041371,1.526552818
0.016046341,1.548440158
0.01605131,1.578798953
0.016056279,1.606169853
0.016061249,1.620221324
0.016066218,1.615649413
0.016071188,1.594179791
0.016076157,1.563916378
0.016081127,1.536282417
0.016086096,1.521708632
0.016091066,1.525696025
0.016096035,1.546739452
0.016101004,1.576895762
0.016105974,1.604782033
0.016110943,1.6198722
0.016115913,1.61647024
0.016120882,1.595860213
0.016125852,1.565821573
0.016130821,1.53769272
0.016135791,1.522091182
0.01614076,1.524905898
0.016145729,1.545074365
0.016150699,1.574983697
0.016155668,1.603344198
0.016160638,1.619450796
0.016165607,1.617223806
0.016170577,1.597503781
0.016175546,1.567734232
0.016180516,1.539151989
0.016185485,1.522545715
0.016190454,1.5241836
0.016195424,1.543447352
0.016200393,1.573065579
0.016205363,1.601858465
0.016210332,1.618957732
0.016215302,1.617908998
0.016220271,1.599108069
0.016225241,1.569651533
0.01623021,1.540658067
0.01623518,1.523071558
0.016240149,1.523530197
0.016245118,1.541860811
0.016250088,1.571144234
0.016255057,1.600327027
0.016260027,1.618393733
0.016264996,1.618524803
0.016269966,1.600670708
0.016274935,1.571570643
0.016279905,1.542208732
0.016284874,1.523667934
0.016289843,1.522946649
0.016294813,1.540317081
0.016299782,1.569222497
0.016304752,1.598752139
0.016309721,1.617759631
0.016314691,1.619070309
0.01631966,1.60218939
0.01632463,1.57348873
0.016329599,1.543801692
0.016334568,1.52433396
0.016339538,1.522433815
0.016344507,1.538818438
0.016349477,1.567303199
0.016354446,1.597136124
0.016359416,1.617056357
0.016364385,1.619544711
0.016369355,1.603661872
0.016374324,1.575402961
0.016379293,1.545434596
0.016384263,1.525068652
0.016389232,1.521992451
0.016394202,1.53736709
0.016399171,1.56538917
0.016404141,1.595481363
0.01640911,1.616284948
0.01641408,1.619947305
0.016419049,1.605085981
0.016424018,1.57731051
0.016428988,1.547105033
0.016433957,1.525870924
0.016438927,1.521623205
0.016443896,1.535965176
0.016448866,1.563483233
0.016453835,1.593790296
0.016458805,1.615446539
0.016463774,1.620277497
0.016468743,1.606459612
0.016473713,1.579208562
0.016478682,1.548810537
0.016483652,1.52673959
0.016488621,1.52132662
0.016493591,1.534614764
0.01649856,1.561588198
0.01650353,1.592065416
0.016508499,1.614542367
0.016513468,1.620534797
0.016518438,1.607780738
0.016523407,1.581094313
0.016528377,1.550548587
0.016533346,1.527673367
0.016538316,1.521103131
0.016543285,1.533317843
0.016548255,1.559706857
0.016553224,1.590309266
0.016558193,1.613573761
0.016563163,1.620718823
0.016568132,1.609047407
0.016573102,1.582964979
0.016578071,1.55231662
0.016583041,1.528670874
0.01658801,1.520953066
0.01659298,1.532076324
0.016597949,1.557841986
0.016602919,1.588524434
0.016607888,1.61254215
0.016612857,1.620829301
0.016617827,1.610257747
0.016622796,1.584817799
0.016627766,1.554112023
0.016632735,1.529730639
0.016637705,1.520876645
0.016642674,1.530892038
0.016647644,1.555996332
0.016652613,1.586713552
0.016657582,1.611449054
0.016662552,1.620866067
0.016667521,1.611409973
0.016672491,1.586650036
0.01667746,1.555932146
0.01668243,1.530851094
0.016687399,1.520873978
